,tweet
0,@YoutubeILC @aniesbaswedan @ganjarpranowo @prabowo Giring nidji donggggg
1,@LisaSelv9 @Aryprasetyo85 Nah loh @ganjarpranowo dizalimi kelompok anak mami ğŸ˜ğŸ˜…ğŸ˜„ğŸ˜ƒğŸ¤£ğŸ˜‚ğŸ˜ @PDI_Perjuangan  Jangan lupa rumus SBY: Dizalimi = Elektabilitas naik @puanmaharani_ri
2,@GanjaranApp @ganjarpranowo act of service nya ya #GanjaranApps
3,"@YoutubeILC @aniesbaswedan @ganjarpranowo @prabowo SEHAT TERUS YA PAK ANIES, SALAM DARI KAMI FOLLOWER BAYARAN"
4,@ChusnulCh__ @ganjarpranowo  https://t.co/gMqK74Gwjh
5,"@eLokBgT @KepaArgawinata @RAISYAELBIX1s @BungkusTukang @NyiMasRuminah @triajaaa @IbuNe_neng @ZeboLady @AirinAirin_NZ @ChusnulCh__ @FirzaHusainID @seruanhl @SeruniPuspaAlam @PartBurungGalak @Midjan_La_2 @PANDHITADHYASA1 Selain, Sumbar, Riau, Aceh, Jabar dan Banten, NKRI akan memilih Pak Ganjar Pranowo, sbab daerah2 kecuali di atas tadi adalah Basisnya Orang2 Cerdas MemilihğŸ‘ğŸ‡®ğŸ‡©"
6,@ganjarpranowo  https://t.co/S5uV8tpMvE
7,@Damai_Itu_Indah Bandung Hadir... Siap dukung Ganjar Pranowo Presiden RI 2024
8,@ganjarpranowo  https://t.co/ydjwCVfXJO  Jelas Prestasi Menepati janji. ...
9,"@abu_waras Yg jelas @ganjarpranowo blm deklarasi, nah klo @aniesbaswedan udah deklarasi, biarpun ga ada satupun partai yg resmi mengusujgğŸ¤£ğŸ¤£ğŸ’©ğŸ’©ğŸ’©... Amies ga tau malu soalnyağŸ¤£ğŸ¤£ğŸ¤£"
10,@GanjaranApp @ganjarpranowo jangan jadi masyarakat yang mudah kemakan hoax ya kawan #GanjaranApps
11,@GanjaranApp @ganjarpranowo harus ditindak tegas memang  #GanjaranApps
12,"@bumnbersatu @aniesbaswedan @ganjarpranowo @jokowi Tebakan gue, antara Rocky Gerung atau Bambang Pacul, 'Sang Satrio Piningit'.."
13,"@bumnbersatu @aniesbaswedan @ganjarpranowo @jokowi Banyak lagi kejanggalan yang terjadi. Sdh berulangkali kirim surat ke Menteri @KemenkeuRI hingga Presiden, tapi tak pernah direspon. Dan kami sdh komit tak akan milih capres dan caleg di pemilu 2024. Ada Presiden dan @DPR_RI atau tdk gak ngaruh, krn pembenahan hukum cuma janji  https://t.co/LMTOtswWvZ"
14,@Aryprasetyo85 @RobbyHaneur Berita ini akan menjadi salah satu penyebab naiknya elektabilitas @ganjarpranowo  Jangan lupa rumusnya. Dizalimi = Dapat Simpati = Elektabilitas naikğŸ˜ğŸ¤£ğŸ˜‚  https://t.co/PAmOzaz2j7
15,@YoutubeILC @aniesbaswedan @ganjarpranowo @prabowo  https://t.co/cByt9qYZKM
16,@ganjarpranowo Kok satu langkah? Mainnya udah 3kali padahal
17,"@ganjarpranowo Assalamualaikum pak gubernur Jawa tengah yang saya cintai,..perkenalkan nama saya Dimas aji Pangestu kelas 3smk pak,saya mohon kepada bapak gubernur Jawa tengah untuk membantu saya mendapat ijazah SMP  Negeri"
18,"@satpolsukoharjo @satpolpp_jateng @sukoharjo_kab @ganjarpranowo @TajYasinMZ @agussantosaskh @heruindarjo @hartonobtn__ @BeritaSUKOHARJO Pengendara #knalpotbrong menganggap lapangan Madegondo sebagai bengkelnya. Sudah 1 jam mencoba2 gas. Tolong ditangkap, pak polisi."
19,@GanjaranApp @ganjarpranowo the best memang pak ganjar #GanjaranApps
20,#pbnu #pdip #NU #koru #koruptor #PDIPerjuangan #iknkemajuanindonesia  #puan #puanmaharani #megawati #pdipki  #GanjarPranowo
21,@sehat_roemah @Mahesa99821523 @DrEvaChaniago @YoutubeILC @aniesbaswedan @ganjarpranowo @prabowo RR bisa untuk jadi menteri
22,@_Umamlik @SantorinisSun @ganjarpranowo Kita harus dukung pak ganjar bro...
23,@_Umamlik @aan_muba @ganjarpranowo Lion air nya beda ya.
24,@GanjaranApp @ganjarpranowo @PDI_Perjuangan dukungan untuk pak ganjar udah mengalir deras #GanjaranApps
25,Adanya insiden tabrakan beruntun di jalan Tol Pejagan-Pemalang pada Minggu 18 September 2022) siang Gub @ganjarpranowo  meminta bupati dan wali kota yg daerahnya dilalui oleh jalan tol untuk memberikan edukasi ke warganya.   https://t.co/uO6AFLkmmY  https://t.co/UomNJ4iZtA
26,@ganjarpranowo Kata @Masinton yg diusung @puanmaharani_ri ğŸ¤£ğŸ¤£ğŸ¤£
27,"Greeting from the Governor of Central Java, H. Ganjar Pranowo, S.H, M.IP.  https://t.co/htH8zsZR6Z"
28,@GanjaranApp @ganjarpranowo pemimpin yang sangat menginspirasi #GanjaranApps
29,"@YoutubeILC @aniesbaswedan @ganjarpranowo @prabowo Congratzz, bisa jd presiden ILC"
30,@YoutubeILC @AgusmanTanjung5 @aniesbaswedan @ganjarpranowo @prabowo Yessssss.....  https://t.co/zxXHqWGvJm
31,@__wantaNKRI @ex_AnakLolina @ganjarpranowo Wong sabar mesti rejekine lancar ura grusa grusu
32,@YoutubeILC @AgusmanTanjung5 @aniesbaswedan @ganjarpranowo @prabowo Yessssss.....  https://t.co/D2F1n0wVdm
33,@YoutubeILC @AgusmanTanjung5 @aniesbaswedan @ganjarpranowo @prabowo Yesssss...  https://t.co/B06aOD1wYB
34,"@GunGunG49169853 @JuhriSyamsudin @Andino170753 @ChusnulCh__ @ganjarpranowo Hati2 kena prank, dlu megaloman kan dukung prabawa tp berkhianat pas jakawi sedang naik daun"
35,@YoutubeILC @AgusmanTanjung5 @aniesbaswedan @ganjarpranowo @prabowo Yesssssss.....  https://t.co/FtNqtxEXBu
36,@organik_petani @FerdinandHutah4 @ganjarpranowo @SeruniPuspaAlam @Leonita_Lestari @aewin86 @DavidWijaya82 Good luck
37,@YoutubeILC @aniesbaswedan @ganjarpranowo @prabowo Ini yg valid....  https://t.co/zhccoNiMlQ
38,@GanjaranApp @ganjarpranowo ga butuh banyak kata2 cukup aksi aja #GanjaranApps
39,@YoutubeILC @AgusmanTanjung5 @aniesbaswedan @ganjarpranowo @prabowo Yesss....  https://t.co/GXKXJPvH1l
